{
  "level": 1,
  "minimax_depth": 2,
  "fitness": 0.55,
  "games_played": 40,
  "wins": 20,
  "draws": 20,
  "losses": 0,
  "weights": {
    "avance_balon": 34.37322596885015,
    "dist_balon_jug": 0.5929794022257653,
    "dist_balon_op": 11.24721953687823,
    "avance_jug": -31.686429455522685,
    "avance_op": 36.470679146302494,
    "dist_col_balon_jug": -10.0582575268439,
    "dist_col_balon_op": -23.251143297819333,
    "mas_cerca_balon": -32.51823124042628
  }
}