{
  "level": 3,
  "minimax_depth": 3,
  "fitness": 0.55,
  "games_played": 8,
  "wins": 4,
  "draws": 4,
  "losses": 0,
  "weights": {
    "avance_balon": -13.85718975303052,
    "dist_balon_jug_1": 12.986994339113973,
    "dist_balon_jug_2": 49.87804138036351,
    "dist_balon_jug_3": 19.4740475183453,
    "dist_balon_op_1": -33.385583557972744,
    "dist_balon_op_2": 15.579602113866732,
    "dist_balon_op_3": -7.257037251871331,
    "avance_jug_1": 27.93762635573784,
    "avance_jug_2": -15.132669795998526,
    "avance_jug_3": 41.028219024707155,
    "avance_op_1": -43.750139580530515,
    "avance_op_2": 11.275015015154061,
    "avance_op_3": 41.84433560923098,
    "muy_cerca_borde_jug": -16.353106459407833,
    "muy_cerca_borde_op": 41.90285298055618,
    "arq_en_area_jug": 28.83430165162467,
    "arq_en_area_op": 1.2207954429018644,
    "mas_cerca_balon": 30.262229549342262,
    "casilla_neutra": 37.00484218678149,
    "casilla_especial": -10.090157026758373,
    "muy_cerca_jug": 50.0,
    "muy_lejos_jug": 9.977749606840483,
    "muy_cerca_op": 29.880796499809517,
    "muy_lejos_op": 9.821600901410568
  }
}