{
  "level": 3,
  "minimax_depth": 3,
  "fitness": 0.4375,
  "games_played": 8,
  "wins": 3,
  "draws": 5,
  "losses": 0,
  "weights": {
    "avance_balon": -38.62574311722523,
    "dist_balon_jug_1": 34.54944685223805,
    "dist_balon_jug_2": 8.895938957090664,
    "dist_balon_jug_3": -21.81636562197977,
    "dist_balon_op_1": -14.186017003319627,
    "dist_balon_op_2": 10.923469125054236,
    "dist_balon_op_3": -31.077262051497023,
    "avance_jug_1": -17.83796837205559,
    "avance_jug_2": -27.756782328155282,
    "avance_jug_3": 22.89747359386635,
    "avance_op_1": 24.0329743965504,
    "avance_op_2": 8.511668799346062,
    "avance_op_3": 27.086169576533635,
    "muy_cerca_borde_jug": 20.61632049555911,
    "muy_cerca_borde_op": -44.468169112790136,
    "arq_en_area_jug": -8.429827971374635,
    "arq_en_area_op": -6.936419957947649,
    "mas_cerca_balon": -12.863160845723662,
    "casilla_neutra": -26.16063205810536,
    "casilla_especial": 49.86613666690319,
    "muy_cerca_jug": 38.55951684326047,
    "muy_lejos_jug": 48.32726099134922,
    "muy_cerca_op": 26.49294326067063,
    "muy_lejos_op": -2.2877026150489783
  }
}