{
  "level": 3,
  "minimax_depth": 1,
  "fitness": 0.3875,
  "games_played": 40,
  "wins": 13,
  "draws": 25,
  "losses": 2,
  "weights": {
    "avance_balon": 14.478344954013483,
    "dist_balon_jug_1": 20.480861027793814,
    "dist_balon_jug_2": -13.601200441398976,
    "dist_balon_jug_3": -34.116710710014225,
    "dist_balon_op_1": -25.797269774163986,
    "dist_balon_op_2": -32.57752989958876,
    "dist_balon_op_3": 35.33976246028347,
    "avance_jug_1": 16.3585841083745,
    "avance_jug_2": -50.0,
    "avance_jug_3": -28.282862127175864,
    "avance_op_1": -0.5857237248172282,
    "avance_op_2": 37.85700771186164,
    "avance_op_3": 31.039372501239978,
    "muy_cerca_borde_jug": -14.967552258987922,
    "muy_cerca_borde_op": 28.894652419360625,
    "arq_en_area_jug": 28.294730169973853,
    "arq_en_area_op": -2.641718927570678,
    "mas_cerca_balon": -14.184931987836531,
    "casilla_neutra": -11.733050325293231,
    "casilla_especial": -20.381727749899852,
    "muy_cerca_jug": -46.84689977997092,
    "muy_lejos_jug": -29.31843553156981,
    "muy_cerca_op": 39.98675211037863,
    "muy_lejos_op": 34.47515961964952
  }
}