{
  "level": 3,
  "minimax_depth": 2,
  "fitness": 0.4925,
  "games_played": 40,
  "wins": 18,
  "draws": 17,
  "losses": 5,
  "weights": {
    "avance_balon": -5.055149865977364,
    "dist_balon_jug_1": -7.070009110751138,
    "dist_balon_jug_2": 31.217884096884337,
    "dist_balon_jug_3": -14.423753304274381,
    "dist_balon_op_1": 0.2952370398461053,
    "dist_balon_op_2": 44.793865078612654,
    "dist_balon_op_3": -1.3412610373043863,
    "avance_jug_1": -29.961847769312648,
    "avance_jug_2": 18.936113427664882,
    "avance_jug_3": 35.28111828198527,
    "avance_op_1": -27.48070215830461,
    "avance_op_2": -42.210465594461866,
    "avance_op_3": -50.0,
    "muy_cerca_borde_jug": 50.0,
    "muy_cerca_borde_op": 18.170928580465795,
    "arq_en_area_jug": 6.516063011979165,
    "arq_en_area_op": 3.1117955889500575,
    "mas_cerca_balon": 23.884889739457506,
    "casilla_neutra": -32.209178417526054,
    "casilla_especial": -14.64106510793213,
    "muy_cerca_jug": 40.4250233785866,
    "muy_lejos_jug": 50.0,
    "muy_cerca_op": 22.321287806036487,
    "muy_lejos_op": -50.0
  }
}